No;Game Name;Game protocol;Supported since;Verified;By;INTERNATIONAL_ID;FTN_ID
1;18 Wheels of Steel: Haulin';FreeTrack20;V160;V;doc-uk;13601;00011394564F557229E200
2;1944 D-Day;FreeTrack20;V160;;;15701;0002693154720569F05100
3;2KMarinNEXT;FreeTrack20;V170;;;3425;00034F6A0820D1EA8EE800
4;3D Instructor;FreeTrack20;V160;;;20490;00045C4338680C5716A100
5;3D Interactive;FreeTrack20;V160;;;20425;0005AD0CC7D77125719B00
6;3D Interieur Visualisation;FreeTrack20;V160;;;20815;00060D99A6B035207AF300
7;3d Nav;FreeTrack20;V160;;;20235;0007465506934660A94400
8;3D-Fahrschule Driving Simulator;FreeTrack20;V160;;;20020;000828E06C025D0FA63500
9;3ds Max;FreeTrack20;V160;;;8601;00091D691C692EABDC7E00
10;Aaaaa!;FreeTrack20;V160;;;1775;000ACEB0EC7781E921CA00
11;Accessible Computer Games;FreeTrack20;V160;;;4301;000B83ED4751D9434A3300
12;Aces High II;FreeTrack20;V160;V;bash1;2701;000C28E07A21953C651500
13;ADGA Group;FreeTrack20;V160;;;20115;000DC2A52730F8CFA59100
14;ADS;FreeTrack20;V160;;;20690;000EF7690F08D850C83900
15;Aerofly FS;FreeTrack20;V170;V;V4Friend;2026;000FD7E0098CF377320600
16;Affineon;FreeTrack20;V160;;;20405;00108B28747534AA25A500
17;Agrovision;FreeTrack20;V160;;;20950;0011245F7130B82DAF3400
18;Air Battles: Sky Defender;FreeTrack20;V160;;;7003;00120752F7433B4DD86100
19;Air Phobia;FreeTrack20;V160;;;20100;0013ADEFA6E8623A8DE900
20;Air Traffic Control Tower;FreeTrack20;V160;;;3601;00147F7CADFC87131B5D00
21;AirBook;FreeTrack20;V160;;;15201;0015E203897A31A500A500
22;American Truck Simulator;FreeTrack20;V160;;;13603;0016D9DE6D47529973CA00
23;America's Army;FreeTrack20;V160;;;4101;0017C47447539A83AA2200
24;ANAG 3D;FreeTrack20;V160;;;20250;00181B15A5791C82126100
25;Apache: Air Assault;FreeTrack20;V160;V;paleta77;1875;0019F7690F08D853891100
26;Apex Motorsports;FreeTrack20;V160;;;3675;001A63BBBD852CA73F5200
27;Aprisoft Gartenplaner;FreeTrack20;V160;;;20014;001B00762FA824A83E9B00
28;Aprisoft Traumhaus Designer;FreeTrack20;V160;;;20013;001C8421722EAB33A63D00
29;ARI;FreeTrack20;V160;;;20795;001D11A27310802B76CF00
30;ArmA;FreeTrack20;V160;V;EmBeES;10601;001E8DB9727330A3FBB600
31;ArmA 2;FreeTrack20;V170;V;V4Friend, Ronski;7502;001FEB3616B3A44F05B900
32;ArmA 2 Operation Arrowhead;FreeTrack20;V160;V;vn88holden;0;00201DDED1742DA0106400
33;ArmA 3;FreeTrack20;V170;;;7503;0021B69411ABD4E2B39900
34;Armored Assault - Gold Edition;FreeTrack20;V170;;;1303;0022A7F7CAA00814ECA700
35;Artificial Head;FreeTrack20;V160;;;20380;002358AAC742FA828A7300
36;Arvoch Alliance;FreeTrack20;V160;;;14908;002412147140A93BA93000
37;Arvoch Conflict;FreeTrack20;V160;;;14901;0025C70DF177841B936900
38;Auditory Displays for the blind;FreeTrack20;V160;;;20035;0026C4197783C9837AA300
39;Autodesk;FreeTrack20;V160;;;20755;0027D676EC47532A82AA00
40;AV Core Technology;FreeTrack20;V160;;;20016;0028D23C4879225900B300
41;AVRS;FreeTrack20;V160;;;20340;00294E21AD721287211500
42;B.O.M.B.;FreeTrack20;V160;;;3325;002A11A274EB86FB83EA00
43;BAE Systems HILAS cockpit;FreeTrack20;V160;;;20019;002B392491720E76E68700
44;Battle of Britain (iENT);FreeTrack20;V170;;;1305;002C0BA119195B701AED00
45;Battle of Britain II - Wings of Victory;FreeTrack20;V160;V;Normalguy;7001;002DA695BF8820B63D9C00
46;Battlecruiser;FreeTrack20;V160;;;6101;002EC41977928A842A2300
47;Battlefield 2;FreeTrack20;V170;;;9601;002FB1560A2A7327659200
48;Battlefield 2 Trauma Studios;FreeTrack20;V160;;;6501;00309790EA57720AA33A00
49;Battlefield 2142;FreeTrack20;V170;;;9602;00311C739AD3817FD43300
50;Battleground Europe : World War II Online;FreeTrack20;V160;;;3301;0032A6050A831FA433B000
51;Battleground Europe : WWII Online;FreeTrack20;V160;;;11201;00335035772CB541B03300
52;Beamng.drive;FreeTrack20;V160;;;4525;003463BF8D7221992CA400
53;Beckman Institute UIUC;FreeTrack20;V160;;;20012;0035C4782742DA4259D200
54;Ben's Awesome 3D Visualization Suite;FreeTrack20;V160;;;20940;0036A07F881FA5E2B4EE00
55;Beyond The Red Line;FreeTrack20;V160;;;13301;0037D9DE6D47621AB39B00
56;BF2 (Unsupported Demo);FreeTrack20;V160;;;9651;0038465397A0D67E95D200
57;Big Scale Racing;FreeTrack20;V160;;;8301;00390752F7533A9DD97100
58;Birds of Prey;FreeTrack20;V160;;;1601;003AF01B097B39B433A900
59;Birds of Steel;FreeTrack20;V160;;;1878;003B60648435A834A3EE00
60;Boeing;FreeTrack20;V160;;;20351;003CFBF1A180C853F9D300
61;Boeing Demo;FreeTrack20;V160;;;20350;003D465397A369A33A3300
62;Bomber Squadron;FreeTrack20;V160;;;1850;003EA478A833CA52EA9300
63;Brain-IT Group;FreeTrack20;V160;;;20050;003FF1B6BDD862EA333A00
64;Brothers In Arms;FreeTrack20;V160;;;13501;0040A478A833FA740AC200
65;Bus Simulator 16;FreeTrack20;V170;;;4775;0041E24441D3178B43DB00
66;C.A.R.S.;FreeTrack20;V170;;;2825;004298EFE2EB6EE8E11300
67;C.U.B.;FreeTrack20;V160;;;20505;00436B3F42488F987FD700
68;CameraGripTools;FreeTrack20;V160;;;20150;004435CD1D851CB134A400
69;Carnetsoft;FreeTrack20;V170;;;4925;0045D04652313C0E1B3200
70;Caterpillar Simulators;FreeTrack20;V160;;;23080;0046E7A7FACF891EB52000
71;CCG Metamedia;FreeTrack20;V160;;;20009;004781D77AFD77E67D2100
72;CDF Ghostship;FreeTrack20;V160;;;4150;0048B482FC86038CED8B00
73;CDF Starfighter;FreeTrack20;V160;;;4153;0049E34335C860F79DC800
74;CEWIT Immersive Cabin;FreeTrack20;V160;;;20370;004A0E571760E901585E00
75;Chopper;FreeTrack20;V160;;;3150;004BF52E424F8934A13C00
76;City Car Driving;FreeTrack20;V160;V;James Geroge Creal;0;004CD5F89027539A640500
77;Clearbox;FreeTrack20;V160;;;20565;004DB2132C8635972EA800
78;CLewis;FreeTrack20;V160;;;20110;004EE1F61F891B9B43AC00
79;CNKFsoft;FreeTrack20;V160;;;20495;004F503578198C13B73D00
80;Code 10;FreeTrack20;V160;;;2975;0050DA0DAD5782B9624600
81;Cognitics;FreeTrack20;V160;;;20760;0051E203897C379A2C9F00
82;Colin McRae DiRT 2;FreeTrack20;V170;V;V4Friend;8107;00527815C5379491C73300
83;Colin McRae Rally 04;FreeTrack20;V160;;;8103;0053DA0DAD5782B9E28B10
84;Comanche;FreeTrack20;V160;;;2275;0054B07FF8938B32AA7300
85;Combat Air Patrol 2;FreeTrack20;V160;;;4425;005535CD1D852AB1319300
86;Combat Flight Simulator 3;FreeTrack20;V160;V;V4Friend;2304;0056D23C487B3BA61FA510
87;Combat Helo;FreeTrack20;V160;;;2001;0057380EC872DB01D91400
88;Combined Arms;FreeTrack20;V160;;;1309;0058401763E9D2D9C3B900
89;Commandos Strike Force;FreeTrack20;V160;;;8801;0059C2A52753AB2279A300
90;COMPUTERGRAFIK;FreeTrack20;V160;;;20900;005AE1F61F891E831C9800
91;Concept RS;FreeTrack20;V160;;;10701;005B7C8D7D98836B22CA00
92;Condor: The Competitive Soaring Simulator;FreeTrack20;V160;V;MicheleF;5901;005CD676EC4772CA21FB00
93;Conflict Taiwan;FreeTrack20;V160;;;1950;005DC0C77A2C9F34B03600
94;Corys;FreeTrack20;V160;;;20550;005EB84ACA842AB538A700
95;Counter Strike;FreeTrack20;V160;;;12501;005F6064853BAB3EA43400
96;Crane Simulator;FreeTrack20;V160;;;20048;0060D5F890275429335900
97;Cranfield University;FreeTrack20;V160;;;20905;00618A0477A2CA53D9A300
98;Crashday;FreeTrack20;V160;;;5601;0062380EC8730A42E98300
99;Creanex Training Simulator;FreeTrack20;V160;;;20205;00636B3F424883E9731A00
100;Creative Labs headset;FreeTrack20;V160;;;20018;006436C60373409831A400
101;Cross Racing Championship;FreeTrack20;V160;;;4801;0065BEE640497C3CA34300
102;Crysis Mod;FreeTrack20;V160;;;1625;00665B461457B3DAF3F900
103;Crystal Growth Simulation;FreeTrack20;V160;;;20029;00679C8752753FBE3EAB00
104;Crytek;FreeTrack20;V170;;;2775;0068D5F1EBBAD81C714600
105;CS GO MOD;FreeTrack20;V160;;;12504;0069D23C487B1F59049300
106;C-Spine;FreeTrack20;V160;;;4901;006A28E07CEA8339AE3B00
107;Cypher City;FreeTrack20;V160;;;4250;006B465507949B62498300
108;D2x-XL;FreeTrack20;V160;;;16001;006C8B28747800BCE88F00
109;Dark Horizons Lore;FreeTrack20;V160;;;7901;006DBEE640497D2BA63B00
110;Dawn of Aces - Gold Edition;FreeTrack20;V170;;;1304;006EA9ED7700814190DE00
111;Dawn of Aces II;FreeTrack20;V160;;;1302;006F204882EAB36503CA00
112;Dawn of Aces/Red Baron;FreeTrack20;V160;;;1307;00701DDED1771CAA3D6400
113;DBS WalkAndFollow;FreeTrack20;V160;;;2525;0071F97AB08C870A83DD00
114;DCS:  Black Shark;FreeTrack20;V170;V;EmBeES;1006;0072F688FC9B0556868F00
115;DCS: A-10C Warthog (32 and 64 bit);FreeTrack20;V170;V;fabri91, Shadow;1003;0073B6DCD15F5A572F6500
116;Dead Reckoning;FreeTrack20;V160;;;10401;0074380EC8823A41F50200
117;Delivery;FreeTrack20;V160;;;15901;00751314C75329D26A9300
118;Demon Core;FreeTrack20;V160;;;3225;00769790EA57924A32EA00
119;Descent: Underground;FreeTrack20;V160;;;4275;0077BC4D0897D32AB33A00
120;DGA;FreeTrack20;V160;;;20145;0078401771671305335000
121;DiRT;FreeTrack20;V160;;;8104;0079851D4783796242D000
122;DiRT 3;FreeTrack20;V170;;;8108;007AABA016ED2DFBDF6F00
123;Door3;FreeTrack20;V160;;;20665;007B984877B38A43A67700
124;Dovetail Flight School;FreeTrack20;V160;;;3853;007CEA978D0742BAE2FA00
125;Dovetail Games;FreeTrack20;V160;;;3850;007D3E9276A8629B72FA00
126;Dovetail Train Simulator 2015;FreeTrack20;V160;;;3851;007EA07F8A29AD21B53000
127;Down In Flames;FreeTrack20;V160;;;1025;007F851D4783DBB3E56000
128;Driver Test;FreeTrack20;V160;;;20265;00809790EA579319F35900
129;Driver's Republic;FreeTrack20;V160;;;14001;00810E571773BA24296300
130;DriveSim;FreeTrack20;V160;;;5001;0082DA0DAD5792E9B35A00
131;Driving Simulator;FreeTrack20;V160;;;13001;0083DA0DAD5792E9B35A00
132;dSphere TBA;FreeTrack20;V160;;;2425;0084832C29620B6309C300
133;DTS;FreeTrack20;V160;;;20625;0085955CF67A1E8B680A00
134;Dual Universe;FreeTrack20;V160;;;5225;0086A695BF8A34A3355000
135;Dungeons and Dragons Online;FreeTrack20;V170;;;1575;0087BD4D4DDC6BB6818800
136;DY Demo;FreeTrack20;V160;;;20345;0088774BF8757D24570C00
137;EADS Testing;FreeTrack20;V160;;;20303;0089787005750C74235700
138;EAFIT;FreeTrack20;V160;;;20810;008AE82AC075FD87188600
139;Eagle Lander 3D;FreeTrack20;V160;;;11901;008B802772CAC399EE7900
140;EasyVR;FreeTrack20;V160;;;20220;008C380EC891FB63486200
141;ECA-Sindel;FreeTrack20;V160;;;20590;008D24798AFD7AFB893200
142;eight360;FreeTrack20;V160;;;23110;008E832C29736AD30ABF00
143;Eiosis;FreeTrack20;V160;;;20965;008FEF83BA19A8630A0400
144;Elite: Dangerous;FreeTrack20;V170;;;3475;0090A9485EECA12E18BE00
145;Embers of Caerus;FreeTrack20;V170;;;3275;00914134258D7E10119E00
146;EMS Simulations;FreeTrack20;V160;;;20390;0092984877C1688E787300
147;Enemy Engaged 2;FreeTrack20;V160;;;2102;0093D987F977C359927B00
148;Enemy Engaged: Commanche vs Hokum;FreeTrack20;V160;V;harakka;2101;0094456D87636A83ABDD00
149;Enemy Starfighter;FreeTrack20;V160;;;3725;0095955CF67B389D27A900
150;Envision TE;FreeTrack20;V160;;;20320;0096C95D557A39B739B700
151;EON Reality;FreeTrack20;V160;;;20410;00977D0CAD91861E87DB00
152;eSigma;FreeTrack20;V160;;;20700;0098787005951E9937A400
153;Euro Truck Simulator;FreeTrack20;V160;V;mamsa;13602;0099456D8763DB53C64100
154;EVE Online;FreeTrack20;V160;;;11801;009A2318886237DE792300
155;EVE Valkyrie;FreeTrack20;V170;;;4175;009B28E121C07E6D84C200
156;Eventology;FreeTrack20;V160;;;12201;009C606487429B3EA43E00
157;Everspace;FreeTrack20;V160;;;4075;009D1DDED178319841B700
158;EVOC-101 Training;FreeTrack20;V160;;;20038;009E14857D10940E60F800
159;Evochron Alliance 2.0;FreeTrack20;V160;;;14904;009F5C43387A3EA6309B00
160;Evochron Legacy;FreeTrack20;V160;;;14909;00A0C4782773EB01D98300
161;Evochron Legends;FreeTrack20;V160;;;14906;00A16B3F4248A42A133900
162;Evochron Mercenary;FreeTrack20;V160;V;Scavenger4711 ;14907;00A2C4782773EB01D98300
163;Evochron Renegades;FreeTrack20;V160;;;14905;00A3007A35A51E9D41A400
164;EZCA;FreeTrack20;V160;V;dennison ;2475;00A4F52E424F8B26750D01
165;EZCamViews;FreeTrack20;V160;;;4475;00A5FBF1A180C882A7B300
166;F1 2011/2012;FreeTrack20;V170;V;V4Friend;8109;00A6265ECD74893EA12900
167;F1 2015;FreeTrack20;V170;;;8110;00A739C238A4D2D6541200
168;F1 2016;FreeTrack20;V160;;;8111;00A801A7CEE53FB71F7600
169;F1 Challenge 99-02;FreeTrack20;V160;;;4401;00A9DED2D8477DFC590B10
170;F-22 Total Air War;FreeTrack20;V160;;;1750;00AABB64A4EF8CF577FD00
171;F-35 PTA;FreeTrack20;V160;;;20185;00AB2048AF967FC501D900
172;FAAC;FreeTrack20;V160;;;20500;00AC491717C10840E6C500
173;Farmer Simulator 2009;FreeTrack20;V160;;;1725;00AD36E49A881BB3349B00
174;Farming Simulator 17;FreeTrack20;V170;;;1726;00AEF1CEFF524246DF1900
175;Faros Driving Simulator;FreeTrack20;V160;;;8001;00AF4017930A23AA6EC700
176;Faubert Lab Car Simulator;FreeTrack20;V160;;;20480;00B0387E98A1CAE1D9C300
177;Fernbus Simulator;FreeTrack20;V160;;;5250;00B1380EC8A23B52992400
178;Ferrari Virtual Academy;FreeTrack20;V160;V;sosna1983 ;0;00B2936A747A2EAB3B9100
179;FIFA 09;FreeTrack20;V170;;;9002;00B3288979C65B0DAA0D00
180;Fighter Ace;FreeTrack20;V160;;;8401;00B4A154A87339B35A7200
181;Fighter Ops;FreeTrack20;V160;;;9301;00B5E7F6F80D8A399F3300
182;Fighter Squadron: Screamin Demons Over Europe;FreeTrack20;V160;;;1675;00B6BEE640497F339B3800
183;First Eagles, Wings Over Europe, Strike Fighters;FreeTrack20;V160;;;1101;00B724798B24AB42AAE800
184;FlightGear;FlightGear;V110;V;V4Friend;0;00B8CEB0EC77D299A22A00
185;Flyboys / Warbirds;FreeTrack20;V160;;;1301;00B9FFC1A42BDC8928BB00
186;Flyer;FreeTrack20;V160;;;1650;00BAAD0CC7D8A3AB035B00
187;Flying Tigers;FreeTrack20;V160;;;7002;00BB7870057637A939A500
188;FlyingGuns;FreeTrack20;V160;;;14801;00BC63BF8D7628B128A400
189;Ford Racing 3;FreeTrack20;V160;;;6901;00BD955CF67C39AA1E5000
190;Forklift Simulator;FreeTrack20;V160;;;20885;00BE4C3407B3FB732A0300
191;Fractured Space;FreeTrack20;V170;;;3976;00BFA4D88906429E684E00
192;Free Falcon 4.0;FreeTrack20;V160;;;1901;00C0FFC1A42BDC892EA700
193;Free Falcon 4.0: Allied Force;FreeTrack20;V160;;;8901;00C17371BD98B39A923600
194;Free Falcon 5;FreeTrack20;V160;V;V4Friend;1902;00C2EF83BA19A873996300
195;FreeSpace2;FreeTrack20;V160;;;13302;00C32048A3F992D833DA00
196;FSFX;FreeTrack20;V160;;;5050;00C4456D8771B89251C300
197;FSX Steam Edition;FreeTrack20;V160;;;3852;00C5E7A7FACF8C1099DA00
198;FTAlpha;FreeTrack20;V160;;;20270;00C60752F791E832AB4200
199;F-Trainer;FreeTrack20;V160;;;20615;00C7D06D177E8893CA2300
200;Full Out;FreeTrack20;V160;;;1701;00C8A70397C8943A329600
201;Future Pinball;FreeTrack20;V160;V;V4Friend;13101;00C901A7C33A73FB32C500
202;Game VR;FreeTrack20;V160;;;20325;00CA896D2792BAF2D64100
203;GameLab;FreeTrack20;V160;;;20555;00CBA154A882BA1327F200
204;Games Farm;FreeTrack20;V160;;;3250;00CCB84ACA881CB024A700
205;Gamma;FreeTrack20;V160;;;1050;00CDF97AB08C8A299D2B00
206;Garry's Mod;FreeTrack20;V160;;;12503;00CE2ABDE8920B72CBDF00
207;Gavap Simulator;FreeTrack20;V160;;;20850;00CFA6050A881FA620B400
208;Generic Robotics;FreeTrack20;V160;;;20750;00D0C47447B31B12DAB300
209;Ghostship Aftermath;FreeTrack20;V160;;;4151;00D11314C7835A030A7400
210;Glider Sim;FreeTrack20;V160;;;20720;00D2936A747B35A22D9500
211;Global Ground Support Deicing Simulation;FreeTrack20;V160;;;20330;00D3B07FF8D35B52B9A300
212;GoD Factory: Wingmen;FreeTrack20;V160;;;4125;00D41A2A27C2D77ED87200
213;GosNIIAS Sim Trainer;FreeTrack20;V160;;;20355;00D5B482FC8A2EB91C8D00
214;Gothic 3;FreeTrack20;V160;;;14401;00D6C47827937B52299200
215;gRally;FreeTrack20;V170;;;4950;00D7B5D1AB3AA82C5DF000
216;Grand Prix Legends;FreeTrack20;V160;;;6701;00D863BBBD8B2EA3359601
217;Grand Theft Auto: San Andreas;FreeTrack20;V160;;;7808;00D9A70397C8A40982BA00
218;GRID;FreeTrack20;V160;V;LeapoEclipse ;8105;00DADA7050178227B0F200
219;GSE Power Plant Simulation;FreeTrack20;V160;;;20044;00DB491717D2288EA87200
220;GT Legends;FreeTrack20;V160;V;TrickyDee ;3902;00DCC4782791C610695300
221;GTR;FreeTrack20;V160;;;3901;00DD9C87527921973E7300
222;GTR2 EVO;FreeTrack20;V160;V;zild1221 ;0;00DE81D77E0F82F8500100
223;Gun Commander;FreeTrack20;V160;;;2675;00DFB07FF8D3EB4E87C300
224;H1Z1;FreeTrack20;V170;;;6004;00E0F090B1BA9E782D0800
225;Half Life 2;FreeTrack20;V160;;;7806;00E1D06D1791DA13061100
226;Halo;FreeTrack20;V160;;;3801;00E2AC303F8E2F9F2B2D00
227;hapTEL;FreeTrack20;V160;;;20805;00E31B15A5A02FB11F8600
228;Hardware Control Simulator, Railway Electronics;FreeTrack20;V160;;;20705;00E4984877F2AA72CAB200
229;Harrier Attack II;FreeTrack20;V160;;;1175;00E5A6050A891FA231AD00
230;Harry's Hard Choices Interactive;FreeTrack20;V160;;;20800;00E68027A2CB73FB2EEB00
231;HAWX;FreeTrack20;V160;V;EmBeES ;0;00E79E363B8800A8C16700
232;Herissons (Paris France);FreeTrack20;V160;;;20001;00E881D77F20A230A32F00
233;hiCRANE2;FreeTrack20;V160;;;20835;00E950359D34841F851C00
234;HOBI;FreeTrack20;V160;;;20335;00EA5684757E1A83126A00
235;HoverAssault;FreeTrack20;V160;;;5303;00EBE7F6F80D8C3FAE3000
236;HPC;FreeTrack20;V160;;;20600;00ECC95D557D1B84A0FD00
237;HPG Tracking;FreeTrack20;V160;;;20255;00ED5C43387D187EEC8700
238;HTW;FreeTrack20;V160;;;20630;00EE7371BD98D1B9BEDA00
239;Huawei Software;FreeTrack20;V160;;;20660;00EFED49435C8B40943F00
240;HueSpace;FreeTrack20;V160;;;20510;00F02ABDE8A34AA0DB4200
241;Hyper Vision;FreeTrack20;V160;;;15101;00F1DED2D8477F45A92D00
242;iAmFootball;FreeTrack20;V160;;;1250;00F2851D49D0FB116A5200
243;IESA;FreeTrack20;V160;;;20037;00F3C4197800C870F42600
244;IL-2 Cliffs of Dover;FreeTrack20;V160;V;V4Friend;0;00F436E49A8B066EF85600
245;IL-2 Forgotten Battles, ACE, Pacific Fighters;FreeTrack20;V160;V;Glenn;1001;00F511A27B0A6400560300
246;IL-2 Sturmovik: Battle of Stalingrad;FreeTrack20;V170;;;1008;00F64D5368D1FD2DF2AE00
247;Illumina;FreeTrack20;V160;;;1350;00F7A154A8A36A042A0300
248;ILP;FreeTrack20;V160;;;20310;00F83E9276A8B0691BFE00
249;Imagine 3D ATC Tower Simulation;FreeTrack20;V160;;;20032;00F981D78028912E992A00
250;Immersive Coach;FreeTrack20;V160;;;20935;00FA491717F3CB030A9200
251;Immersive Media Project;FreeTrack20;V160;;;20925;00FBA07F8F27A421B34200
252;In Touch Technologies Inc.;FreeTrack20;V160;;;20006;00FC0E5717C375920A0300
253;Inglobe;FreeTrack20;V160;;;20360;00FD14858128AC37A22A00
254;Innovatec Simulator;FreeTrack20;V160;;;20036;00FE4C3407E3EB336AA200
255;Insurgency;FreeTrack20;V160;;;9401;00FFAE6114D8D3BA740A00
256;Interactive Institute;FreeTrack20;V160;;;23105;0100BB64A4EF8F37B93100
257;Interstellar Rift;FreeTrack20;V160;;;4550;010187D2D57E28A531B800
258;Intific;FreeTrack20;V160;;;20655;0102D9DE6D47D2AA633A00
259;Into the Dungeon;FreeTrack20;V160;;;4375;0103387E98D29AD2A57400
260;iRacing;FreeTrack20;V160;V;vn88holden ;14101;0104B07FFAF1BA72CA2300
261;IREQ Robotic Camera Control;FreeTrack20;V160;;;20027;0105C70DF1780218818500
262;ISAMM;FreeTrack20;V160;;;20860;01069E363B8811C760B800
263;ISIC;FreeTrack20;V160;;;20680;0107B2132C8C1C7B107600
264;ITCL;FreeTrack20;V160;;;20820;01089E363B8811D780A700
265;IVD Online;FreeTrack20;V160;;;20535;0109CEB0EC7801375DA900
266;J.J. Keller and Associates;FreeTrack20;V160;;;20002;010A12147AFB7DF9661300
267;Janes F18;FreeTrack20;V160;;;9001;010B7D0CAD918B30A72100
268;Javal Ent.;FreeTrack20;V160;;;2650;010C832C27C2EBC29A3D00
269;JC Demo;FreeTrack20;V160;;;20470;010D5EF04117D125013900
270;Jet Thunder;FreeTrack20;V160;;;4501;010EF1B6BDD8E21B6E9800
271;Jetfighter V;FreeTrack20;V160;;;2501;010F832C27C32BA2EA0200
272;JFIST;FreeTrack20;V160;;;20560;0110B482FC8D058F219800
273;John Deere Vehicle Simulator;FreeTrack20;V160;;;20175;011111A27C2D9F3C560100
274;Jump to Lightspeed;FreeTrack20;V160;;;6001;0112231888B42A53863300
275;Jumpgate;FreeTrack20;V160;;;15001;0113A478A8B42A53CAB200
276;Jumpgate Evolution;FreeTrack20;V170;;;15002;01145936D4F93DCE0CE700
277;KAF Keymapper;FreeTrack20;V160;;;3101;0115D676EC47FFD7ADA800
278;KAI FLight Simulator;FreeTrack20;V160;;;20725;011635CD1D8DFB8DEE7800
279;Kart Racing Pro;FreeTrack20;V160;;;5150;0117C70DF178230B53B500
280;KBY Software;FreeTrack20;V160;;;20960;0118774BF875840D90E700
281;Keita Head Tracking;FreeTrack20;V160;;;20385;011983ED47F1F9A4391D00
282;Key Macro View;FreeTrack20;V160;;;12001;011ADA705017C35ABEA700
283;kiwi.vg;FreeTrack20;V160;;;20395;011B36C6039B37AA395E00
284;Kongsberg GlobalSim;FreeTrack20;V160;;;20825;011CE82AC07B2CAF36A500
285;Kookmin University;FreeTrack20;V160;;;20080;011D5C43388037A638A000
286;L-3;FreeTrack20;V160;;;20465;011E4E21AD7DE868152D00
287;L-3 Communications;FreeTrack20;V160;;;20051;011F851D480FA77EF79200
288;LG Electronics;FreeTrack20;V160;;;20830;0120039884065200A52300
289;Limb;FreeTrack20;V160;;;4675;0121139457F27A42D3B700
290;Lionhead MGS Game Research;FreeTrack20;V160;;;15301;0122EA978D07C25A738900
291;Live For Speed;FreeTrack20;V160;V;zild1221 ;7101;0123231888D36AE2D63000
292;Live for Speed S2;FreeTrack20;V160;;;11601;0124E34335C8F34A922500
293;Lockheed Martin Littoral Combat Ship simulator;FreeTrack20;V160;;;20025;0125936A7480389C349800
294;Lockheed Martin Prepar3D;SimConnect;V130;V;elelbe ;0;012684217D2D9C359B3300
295;LockOn: Flaming Cliffs 2;FreeTrack20;V170;V;EmBeES ;1005;0127AFB0D279F3A6F72200
296;Lock-On: Modern Air Combat;FreeTrack20;V160;;;1002;0128658E198E3694346600
297;London NHS;FreeTrack20;V160;;;20640;0129FFC1A42BDC8F2BB000
298;Lore (Dark Horizons);FreeTrack20;V160;;;5302;012AE203898537A5235600
299;Love;FreeTrack20;V160;;;3125;012B7F7CADFC87C37B9100
300;Lucid Engine;FreeTrack20;V160;;;10501;012CED49435C8F40963100
301;M4 Tank Brigade;FreeTrack20;V160;;;1308;012D5EF041180035023900
302;M4 Tank Brigade;FreeTrack20;V160;;;1308;012E36E49A8FED611B9700
303;M4 Tank Platoon;FreeTrack20;V160;;;1306;012FE7F6F80D9104581F00
304;Mach 1;FreeTrack20;V160;;;2575;01307870057D2C93385700
305;MAG WIP;FreeTrack20;V160;;;4152;0131C81817E0988DD88100
306;MAL;FreeTrack20;V160;;;20135;0132465508311926FD3F00
307;ManuVAR;FreeTrack20;V160;;;20455;0133008220A4308B108700
308;MaqSIM4;FreeTrack20;V160;;;20026;0134658E198F28A21C8200
309;Mech Tactical Sim;FreeTrack20;V160;;;9501;0135E34335C90309625500
310;MechWarrior Online;FreeTrack20;V170;;;3026;0136E0DCBC723836CD2400
311;Medaphor;FreeTrack20;V160;;;20920;0137B3D6DCA8E20A71DA00
312;Medical Image Visualization;FreeTrack20;V160;;;20295;0138F7690F08D912D94200
313;Meggitt Defense Systems;FreeTrack20;V160;;;20045;0139B3D6DCA8E20AA23900
314;MetaVR;FreeTrack20;V160;;;20545;013A28E08623A42A9B1F00
315;Meteoroid Maze;FreeTrack20;V160;;;13003;013BD06D17E21A92FB0300
316;MeVEA;FreeTrack20;V160;;;2250;013C4C34082359B0C75500
317;Micro Flight;FreeTrack20;V160;V;V4Friend;5101;013DA478A8E369B3EB3E00
318;Microsoft ESP;FreeTrack20;V160;;;2306;013E2049136973A9F40B00
319;Microsoft Flight;FreeTrack20;V170;V;V4Friend;2307;013FAFBC54959539C51500
320;Microsoft Flight Simulator 3;FreeTrack20;V160;V;V4Friend;0;0140EA978D07D259B3CA10
321;Microsoft FS2002/2004;FSUIPC;V130;V;V4Friend;0;01414E21AD7E259840B000
322;Microsoft FSX;SimConnect;V130;V;V4Friend;0;0142ADEFA6E92239931B00
323;Microsoft Train Simulator;FreeTrack20;V160;;;7805;01431A2A282279640B0300
324;MiddleVR;FreeTrack20;V160;;;20785;01444018038942F9F32800
325;Mig Alley;FreeTrack20;V160;;;1501;0145A70397C90379EDC800
326;Mimik Vehicle Simulator;FreeTrack20;V160;;;20585;014658AAC8026A128ACE00
327;Miner Wars;FreeTrack20;V160;;;2550;014701A8327A12FB3E6800
328;Miscreated;FreeTrack20;V160;;;4750;01489E363B88532A821A00
329;MKMapper Keymapper;FreeTrack20;V160;;;2201;01497D0CAD918E1A861D00
330;ModelSim;FreeTrack20;V160;;;20540;014A49171833EA730A3000
331;Morgan State University;FreeTrack20;V160;;;20010;014B774BF875863AA92F00
332;Motor Company;FreeTrack20;V160;;;11501;014C1314C7E3CA52CA5E00
333;Motorsport Simulators;FreeTrack20;V160;;;4201;014DDA705017E3FA63AA00
334;Mouse Emulation;FreeTrack20;V160;;;8501;014E8B2874813DB92F9C00
335;MS World Tour Kart 2004;FreeTrack20;V160;;;6601;014F5B46145851E5623A00
336;MSN Virtual Earth;FreeTrack20;V160;;;2309;015087D2D5820D7FEB9C00
337;mTBI Balance;FreeTrack20;V160;;;20420;01519F9AC774A113771200
338;Mursion;FreeTrack20;V160;;;5025;01521DDED18030A542AD00
339;NASA AFRC;FreeTrack20;V160;;;20060;0153465398608880B55000
340;NASA Crew Exploration Vehicle;FreeTrack20;V160;;;20017;015458AAC81FD870061000
341;NASCAR Heat;FreeTrack20;V160;;;2602;0155C81817F09940172100
342;NASCAR Racing 2003 season;FreeTrack20;V160;;;7804;015670F94860D8CFC84110
343;NASCAR SimRacing;FreeTrack20;V160;;;6201;0157F52E424F940D850F00
344;Navi Trainer Professional;FreeTrack20;V160;;;20855;0158A07F941BAD25612300
345;NecroVisioN;FreeTrack20;V160;;;15601;0159D676EC48222972DB00
346;NetKar Pro;FreeTrack20;V160;V;sosna1983 ;10901;015A63BF8D7E21AC0A9700
347;Nitro Stunt Racing;FreeTrack20;V160;;;13901;015BB482FC9128BA40B300
348;North Eastern University;FreeTrack20;V160;;;20003;015C7F7CADFC87E37B5200
349;Novint;FreeTrack20;V160;;;2725;015D1DDED1812AA938B200
350;NVH Sound Simulator;FreeTrack20;V160;;;20695;015EC70DF1785258BE6800
351;Objects in Space;FreeTrack20;V160;;;5275;015F5DFF7D08832AC21900
352;OHJCH;FreeTrack20;V160;;;20740;01601B15A587168B0E8900
353;Omni-Directional Movement;FreeTrack20;V160;;;20870;0161E34335C9238A126600
354;OMSI Bus Simulator;FreeTrack20;V160;V;Thiago ;2225;0162568475851894126300
355;Onadime - Realtime Animation;FreeTrack20;V160;;;20049;0163BA413BF952DA331900
356;Open Falcon 4.5;FreeTrack20;V160;V;muplex ;0;016445EB08240972B66000
357;Operation Air Assault 2;FreeTrack20;V160;;;5401;0165774BF875883B9C3A00
358;Operation Flashpoint 2 (inactive);FreeTrack20;V160;;;7601;016670F94873C9E2CA4300
359;Operation Flashpoint(r): Dragon Rising(tm);FreeTrack20;V170;V;V4Friend;8106;01673328780E1322676100
360;OptiMetrics;FreeTrack20;V160;;;20011;0168C0C7862DA537913200
361;OpusFSX;FreeTrack20;V160;;;3175;01698DB972812EAB2E7D00
362;Orbiter 2005 Plug-In;FreeTrack20;V160;;;10301;016AE7A7FACF952FA32400
363;Orbiter 2006;FreeTrack20;V160;V;Ripley;10303;016B832C2813FA831AB200
364;Orbiter 2006 Plug-In;FreeTrack20;V160;;;10302;016CC95D55843DA339B800
365;Oryx Vehicle Simulators;FreeTrack20;V160;;;20028;016D6B3F424943EAB48500
366;Outer Conflict: Frontiers;FreeTrack20;V160;;;1900;016E1485872FB930A5E700
367;Over Flanders Fields;FreeTrack20;V160;V;Summelar ;2325;016FED49435C9241983A10
368;P1;FreeTrack20;V170;;;5504;017029AE6A421EE3D47000
369;PanoPro;FreeTrack20;V160;;;20525;0171F1B6BDD941DB039800
370;Paraworld;FreeTrack20;V160;;;14501;017263BF8D801DAA20AD00
371;Phoenix R/C;FreeTrack20;V160;;;3075;017324799523A834A43200
372;Pivot Maritime;FreeTrack20;V160;;;20365;0174F97AB08C9331A62D00
373;PlanetSide 2;FreeTrack20;V170;;;6002;0175BB34B53FDC5C5AAF00
374;PlanetSide 2 M.E.;FreeTrack20;V160;;;6003;01760D99A882B932CA6300
375;Pointman;FreeTrack20;V160;;;7525;0177C0C7872C9A3CB83A00
376;Police 1013;FreeTrack20;V160;;;3925;017876E320895379C37900
377;Power Driving Simulator;FreeTrack20;V160;;;20675;0179955CF68639AF1FA200
378;Priston Tale;FreeTrack20;V160;;;9701;017AAC303F96409C2FA400
379;Project CARS 2;FreeTrack20;V170;;;2826;017BAB6E1B550780B04800
380;Project Reality (BF2 Mod);FreeTrack20;V160;;;9201;017CAD0CC7D9440A63AA00
381;Project Torque (Invictus);FreeTrack20;V160;;;4802;017D5035853DB037A93100
382;Project X;FreeTrack20;V160;;;20022;017E0752F833CB128A9100
383;Puegeot PSA Simulator;FreeTrack20;V160;;;20840;017FEF83BA19A913C96300
384;PULSAR: Lost Colony;FreeTrack20;V160;;;4075;0180B3D6DCA91108F0F700
385;QSTP;FreeTrack20;V160;;;20875;0181AE6114D9520881B300
386;Quanser;FreeTrack20;V160;;;20435;018239249181429235A700
387;QuantaDyn;FreeTrack20;V160;;;20575;0183E7A7FACF9732A22900
388;Quest 3D Xframe Plugin;FreeTrack20;V160;;;20043;018483ED4852F9642A4D00
389;Quest3D;FreeTrack20;V160;;;1425;0185AC303F9743982FA400
390;Quest3D - CINEACT integration;FreeTrack20;V160;;;20040;01861314C82429630A7000
391;R.U.D.O. Tools;FreeTrack20;V160;;;20039;01870E57185F68EF975F00
392;RACE (the WTCC game);FreeTrack20;V160;;;3904;0188693154930D78025100
393;RACE 07, RACE, GTR 2;FreeTrack20;V160;V;zild1221, TrickyDee ;3903;018936C603820F76155000
394;RaceOn;FreeTrack20;V160;V;zild1221 ;0;018AC0C7891E9433933B00
395;Racer;FreeTrack20;V160;;;2401;018B693154932D9822A300
396;Racer S;FreeTrack20;V160;;;20030;018CF7690F08D962993100
397;RaceRoom Racing Experience;FreeTrack20;V160;;;3905;018D7D0CAD9193309C2100
398;Radial-G : Racing Revolved;FreeTrack20;V160;;;2850;018E936A74862A9D329100
399;Rail Simulator 1;FreeTrack20;V160;;;1550;018F9E363B88A2A9E2A500
400;Railway Work Simulator;FreeTrack20;V160;;;20225;01905DFF7D08B31AB28A00
401;RailWorks 2;FreeTrack20;V160;;;2750;01911B15A58A2FAA379800
402;RailWorks 5 (TS2014);FreeTrack20;V160;;;1551;0192B3D6DCA931CAC28800
403;Raydon Driving Simulator;FreeTrack20;V160;;;3701;0193B2132C952AAB31A500
404;RaySafe;FreeTrack20;V160;;;23095;0194D5F89028431AB1A900
405;R-concept X (AdrenalinStorm);FreeTrack20;V160;;;9101;019545EB085FC952CB4200
406;RCPlugin;FreeTrack20;V160;;;23090;0196A6050A9301802BB900
407;Real Time Visual;FreeTrack20;V160;;;9901;01978028430A639591CA00
408;RealFlight;FreeTrack20;V160;;;4001;01989F9AC7748624963500
409;Reality Manager;FreeTrack20;V160;;;20046;019914858A1FA6379C3C00
410;RealWorld;FreeTrack20;V160;;;20215;019A83ED4861F923B87200
411;Red Baron 3D;FreeTrack20;V160;;;1125;019B63BBBD9621A6E67400
412;Red Bull Air Racing Championship;FreeTrack20;V170;;;2827;019C0AFDFECD5262C87300
413;Redline Monitor;FreeTrack20;V160;;;20210;019DD5F890284359633900
414;REFLEX XTR;FreeTrack20;V160;;;2150;019E4655088158C0878200
415;Remote Presence;FreeTrack20;V160;;;20710;019FE1F61F9834A33BB700
416;rFactor;FreeTrack20;V160;V;V4Friend;7401;01A0A70397CB5149820B00
417;rFactor Pro;FreeTrack20;V170;;;7403;01A1175198D74BE8E89600
418;rFactor2;FreeTrack20;V170;;;7402;01A2BFF3A86D34DA24C000
419;rFPro;FreeTrack20;V170;;;7404;01A36BE26009B31DE7BC00
420;Richard Burns Rally;FreeTrack20;V160;V;zild1221;3401;01A4787005823493389810
421;RidingStar;FreeTrack20;V160;;;1475;01A55DFF7D08B39A625A00
422;Rift's Cave;FreeTrack20;V160;;;4050;01A6DED2D84789359F3C00
423;Rig N Roll;FreeTrack20;V160;;;9801;01A7F01B098B39A9EE8400
424;Rio Tinto Resource Development;FreeTrack20;V160;;;20033;01A884218327A8E9873700
425;Rise of Flight;FreeTrack20;V160;V;Seborgarsen ;11401;01A9BEE640498B33A73500
426;Rise: The Vieneo Province;FreeTrack20;V160;;;6301;01AAFBF1A180C9539AB300
427;Rising Conflicts;FreeTrack20;V160;;;12101;01AB03988A28A524A72500
428;Rising Storm 2: Vietnam;FreeTrack20;V160;;;5176;01ACA154A9333A736A1200
429;RITS;FreeTrack20;V160;;;20775;01ADD987F978910880D400
430;Road Legends;FreeTrack20;V160;;;1876;01AE03988A2E931F590A00
431;Rockwell Collins;FreeTrack20;V160;;;20955;01AFF01B098B3FA53AAD00
432;Rogue Space;FreeTrack20;V160;;;3050;01B02479972AA0449BE800
433;Rogue Warrior;FreeTrack20;V160;;;14202;01B136E49A9429A83C9B00
434;RoRo Simulator;FreeTrack20;V160;;;20845;01B26064943B883F502200
435;ROV Sim;FreeTrack20;V160;;;20530;01B3ADEFA6E97098CDE900
436;Rowan's Battle Of Britain;FreeTrack20;V160;;;1502;01B4C2A52843ABC1BA7F00
437;RSD Demo;FreeTrack20;V160;;;2050;01B5A695BF981286E87400
438;RTMS Crane Sim;FreeTrack20;V160;;;20400;01B69C87528421921E5700
439;RTT DeltaGen Plugin;FreeTrack20;V160;;;20195;01B7B2132C951D86EC7A00
440;Rust;FreeTrack20;V170;;;3950;01B8F7CEF7DFA93405D700
441;Sail;FreeTrack20;V160;;;3575;01B9456D88429AC391C300
442;Sail;FreeTrack20;V160;;;3575;01BAC81818429AA2AAB500
443;Sail Simulator 5;FreeTrack20;V160;;;1975;01BBBA413BF9920AB39500
444;Sailors of the Sky;FreeTrack20;V160;;;10201;01BC03988B209B27A83000
445;San Jose State;FreeTrack20;V160;;;20120;01BDBA413BF9920B0EC700
446;Santa Cruz Watermill;FreeTrack20;V160;;;20290;01BEBC4D0898C2EA644A00
447;SCANeR Studio Plugin;FreeTrack20;V160;;;20445;01BFF01B098C13831D9B00
448;SEGA Demo;FreeTrack20;V160;;;2075;01C087D2D588FE780D6600
449;Seven-G;FreeTrack20;V160;;;2350;01C1E7F6F80D9735AE3000
450;SFSPC;FreeTrack20;V160;;;2801;01C2BA413BF9905951D700
451;Ship Simulator 2006;FreeTrack20;V160;;;5002;01C3E203898C309C2E5600
452;Ship Simulator 2008;FreeTrack20;V160;V;djj3ff ;5003;01C4658E19952F9A395900
453;Shiphandling Simulator;FreeTrack20;V160;;;20570;01C57C8D7D9982FAD39A00
454;ShiVa;FreeTrack20;V160;;;4225;01C6DA0DAD588249B15A00
455;Shooting Simulator;FreeTrack20;V160;;;20047;01C7658E19952FA038AD00
456;SIA Games;FreeTrack20;V160;;;20015;01C81D691C891379DC7800
457;Silent Wings;FreeTrack20;V160;;;8701;01C98A0478A23B034A2300
458;SilverHat;FreeTrack20;V160;;;12401;01CAF52E424F99359E4200
459;Simax Simulator;FreeTrack20;V160;;;20021;01CB12148337A02DBEE700
460;Simball 4D;FreeTrack20;V160;;;20315;01CC1B15A58B37AE2DA200
461;Simbionix;FreeTrack20;V160;;;20485;01CDFBF1A180C9639A5300
462;SimCraft;FreeTrack20;V160;;;3650;01CE851D48737B113A8100
463;SimCraft;FreeTrack20;V160;;;3650;01CF36C6038337A013A200
464;SimCreator;FreeTrack20;V160;;;20520;01D0984878A32A20BA6300
465;Simlog Personal Simulator;FreeTrack20;V160;;;20635;01D1A154A9433A139A2200
466;SimQuest immersion system;FreeTrack20;V160;;;20023;01D20752F8633AF0FB9100
467;SimSol;FreeTrack20;V160;;;20034;01D3245F8332B311A83700
468;Simumak;FreeTrack20;V160;;;20770;01D4CEB0EC78A269E30B00
469;Sir, You Are Being Hunted;FreeTrack20;V160;;;3550;01D5ADEFA6E9823A8EA600
470;Sir, You Are Being Hunted;FreeTrack20;V160;;;3550;01D601A8927A5F56120A00
471;Sirocco Racing;FreeTrack20;V160;;;5801;01D79C87528536B73A9A00
472;Sky God: Military Freefall;FreeTrack20;V170;;;1526;01D82C0104385FD1C44400
473;Soft fx Demo;FreeTrack20;V160;;;2125;01D98B2874873DAA305700
474;Solitude;FreeTrack20;V160;;;3875;01DA76E320898379C37A00
475;Sosinski;FreeTrack20;V160;;;20130;01DBA695BF992EB5329E00
476;Source Engine (Half-Life 2);FreeTrack20;V160;;;12502;01DCC81818437B63094300
477;Space Hulk: Deathwing;FreeTrack20;V160;;;5125;01DDC2A52853BA61D9EE00
478;Space Shuttle Mission 2007;FreeTrack20;V160;V;purewhitewings ;1225;01DEB3D6DCA942BA41F900
479;Spaze;FreeTrack20;V160;;;3625;01DF5C4338883898479800
480;Spaze;FreeTrack20;V160;;;3625;01E0C4744873CA4429EC00
481;SRI;FreeTrack20;V160;;;20620;01E17371BD998198DEDA00
482;Stanford University;FreeTrack20;V160;;;20004;01E2E7F6F80D9744993900
483;Star Citizen;FreeTrack20;V170;;;3450;01E3F4CE4E343EC6B4A200
484;Starfighter Inc.;FreeTrack20;V160;;;4650;01E47371BD9983BA530A00
485;Starshatter;FreeTrack20;V160;;;6401;01E5896D2853EA33AB7200
486;Steel Beasts 2;FreeTrack20;V160;;;11703;01E67D0CAD9194439E2100
487;Steel Beasts Pro;FreeTrack20;V160;;;11701;01E7A695BF9933A72E9C00
488;Steel Beasts Pro Personal;FreeTrack20;V160;;;11702;01E89790EA588339B24A00
489;Steel Beasts Professional;FreeTrack20;V160;;;4350;01E936C603834298359C00
490;Stoked Rider;FreeTrack20;V160;;;14701;01EA84218432A835983200
491;STRAFT;FreeTrack20;V160;;;3375;01EBD06D18410870B87200
492;Strike Suit Zero;FreeTrack20;V170;;;3975;01ECE77F3BD3DB8821A200
493;STS Driving Simulator;FreeTrack20;V160;;;20300;01EDD23C488B208CDC8800
494;Sub Level Zero;FreeTrack20;V160;;;5075;01EE245F833EA8DD853000
495;Subnautica;FreeTrack20;V170;;;4850;01EFF92B360B97FA550A00
496;Subnautica;FreeTrack20;V160;;;4851;01F076E3208983D923C900
497;Sunaerosys;FreeTrack20;V160;;;20475;01F14E21AD8431A32FA600
498;Superkarting;FreeTrack20;V160;;;14903;01F2139458633A730A8200
499;SuperX Research;FreeTrack20;V160;;;15401;01F37C8D7D9983CB42EB00
500;Surf Simulator;FreeTrack20;V160;;;23100;01F4A07F992FA922612200
501;SWRI Demo;FreeTrack20;V160;;;20230;01F51C1598715891055100
502;Synaptics, INC;FreeTrack20;V160;;;20945;01F690928535A428A93E00
503;Syncon Robot Control;FreeTrack20;V160;;;20415;01F722EC9837B131B53900
504;Synergy Integration;FreeTrack20;V160;;;20140;01F86614649645A432B800
505;Synergy Simulation;FreeTrack20;V160;;;20595;01F9172AA08946B035AB00
506;T and TS Corp.;FreeTrack20;V160;;;20005;01FA346C599EC962BAAE00
507;Tacview;FreeTrack20;V160;;;20865;01FBBE69EF5F9A2E983000
508;Take On Helicopters;FreeTrack20;V170;V;V4Friend;7504;01FC513CB40C0623B96A00
509;Take on Mars;FreeTrack20;V160;;;7506;01FD22EC991FAE33663A00
510;TARDEC;FreeTrack20;V160;;;20915;01FE688089909820E7D000
511;Target: Korea;FreeTrack20;V160;;;1201;01FFA0AC971BB3239B3D00
512;Target: Rabaul;FreeTrack20;V160;;;1202;020053E4D08531A623A800
513;Targeting Demo;FreeTrack20;V160;;;13002;0201254B5962BA73098300
514;TD Demo;FreeTrack20;V160;;;1925;020222EC99026312AB3800
515;TeachLive;FreeTrack20;V160;;;20765;0203D3AD1C488229632A00
516;Telepresence;FreeTrack20;V160;;;20450;020403128933B131A64200
517;Tenstar Simulator;FreeTrack20;V160;;;20605;0205859B78B23A132AD100
518;Test Drive Unlimited;FreeTrack20;V160;;;13201;020603128933B840561400
519;Tetrahedral;FreeTrack20;V160;;;3525;02070A48852EBA2D993000
520;The Assembly;FreeTrack20;V170;;;4875;02083DB86EC5188733FB00
521;The b9dead;FreeTrack20;V160;;;4825;0209DDEA24078B38ABEB00
522;The Battle of Sol;FreeTrack20;V160;;;4575;020A1415872398EA853000
523;The Crew;FreeTrack20;V170;;;1009;020BF534E94F4834D9B100
524;The Gallery;FreeTrack20;V160;;;3350;020C98B248832A8ED89200
525;theHunter;FreeTrack20;V170;V (Press x);V4Friend;2375;020DBFF3A86D34DA24C000
526;Theia, school project;FreeTrack20;V160;;;20930;020EF7BE01FD98D24AB300
527;thriXXX HII 3D;FreeTrack20;V160;;;13403;020FC4514A837A2318A200
528;thriXXX Jenna;FreeTrack20;V160;;;13401;02104653DA924A4259B200
529;ThriXXX Technology;FreeTrack20;V160;;;13402;02112758968C31A8238B00
530;tir2joy;FreeTrack20;V160;;;2202;0212B0E0AB527A2ECAD300
531;TIRF4;FreeTrack20;V160;;;2203;02130EA358A08881569600
532;TNO;FreeTrack20;V160;;;20285;0214172AA08A1B9163B900
533;ToCA Race Driver 2;FreeTrack20;V160;;;8102;021510F873985FA6320910
534;Toca Race Driver 3;FreeTrack20;V160;;;8101;0216F12824F9A3B9529500
535;Tom Clancy's H.A.W.X.;FreeTrack20;V170;V;EmBeES ;1004;0217AA4D48E85966FBAA00
536;Tom Clancy's H.A.W.X. 2;FreeTrack20;V170;V;V4Friend;1007;02181B7583521C12406F00
537;Torque Game Engine;FreeTrack20;V160;;;5301;0219DADBB568A3AB42FB00
538;Total War;FreeTrack20;V160;;;1375;021A477FA88637B52FB200
539;Tower Crane Simulator;FreeTrack20;V160;;;20670;021B2758968C38AD1FA500
540;Tower I;FreeTrack20;V160;;;1325;021C661464973BAD32B800
541;TPL Testing;FreeTrack20;V160;;;20260;021DBBC02CE98D0A91DC00
542;trackd;FreeTrack20;V160;;;20580;021E53E4D0A542951FAE00
543;TrackMapper2;FreeTrack20;V160;;;2175;021FE07598D3D9821B1100
544;TrainMaster;FreeTrack20;V160;;;20042;022063FB9196419A39A700
545;Trainz;FreeTrack20;V160;;;4701;022168808993A9133A6400
546;TraumTek;FreeTrack20;V160;;;20650;0222A3C49E992D9A40A300
547;TripWire;FreeTrack20;V160;;;5175;0223B6C4170842CA03F900
548;Turismo Carretera;FreeTrack20;V160;;;15801;02244BE7E08745A539B800
549;U of Manitoba;FreeTrack20;V160;;;20055;0225B786A6FC98DEB53000
550;UK Rally Champion;FreeTrack20;V160;;;5701;0226527E98912580D94300
551;ULAN;FreeTrack20;V160;;;20645;0227F6354B0A961C831A00
552;Underwater Navigation;FreeTrack20;V160;;;20715;02286D19B948E3A9D32B00
553;Unity 3D Plugin;FreeTrack20;V160;;;20430;02296E122CD9A2AAC30A00
554;Unity 64-bit;FreeTrack20;V160;;;3750;022A012883BAF31AFDB600
555;Unity Plugin (64-bit);FreeTrack20;V160;;;20880;022B527E98935A12FACE00
556;Untitled 10tacle;FreeTrack20;V160;;;13701;022CC367818636B832B700
557;Untitled 3D People;FreeTrack20;V160;;;15501;022D425C8D2BA533B73700
558;Untitled Apportmedia;FreeTrack20;V160;;;6801;022EB786A6FC982DBA3300
559;Untitled Combat Flight Sim;FreeTrack20;V160;;;13801;022F50788B36AB32A73600
560;Untitled Deep Silver;FreeTrack20;V160;;;14601;023086A32873BA539A6300
561;Untitled G5 Software;FreeTrack20;V160;;;7301;02319340378C38AC36BA00
562;Untitled Microsoft;FreeTrack20;V160;;;2308;023263FB91973DAD39AD00
563;Untitled Research;FreeTrack20;V160;;;1075;02336D19B948E3AAD36B00
564;Untitled Ron E;FreeTrack20;V160;;;14902;0234425C8D2BA533B73700
565;Untitled Sega of America;FreeTrack20;V160;;;12801;0235E57DE9F9B35B924B00
566;Untitled Simbin;FreeTrack20;V160;;;3902;023655BCDD862AAC25AA00
567;Untitled WorkShield;FreeTrack20;V160;;;4601;02370DFBE863CA831B9200
568;Untitled ZootFly;FreeTrack20;V160;;;12701;023864180993EAC30AD300
569;UQO;FreeTrack20;V160;;;23085;0239477FA88719902A2F00
570;USNTPS;FreeTrack20;V160;;;20085;023A29B2D970E922082000
571;UVEG Machinery Simulator;FreeTrack20;V160;;;20024;023B717A19971D76065900
572;VAR;FreeTrack20;V160;;;20460;023C742AEC98FD97B0EA00
573;VBS2;FreeTrack20;V160;;;7501;023DD3AD1C48AFE8801500
574;VBS2 2.0;FreeTrack20;V170;;;7505;023EEB3616B3A44F05B900
575;VCORP RBR2 MOD;FreeTrack20;V160;;;3825;023F641809A13871989E00
576;Vector 36;FreeTrack20;V160;;;5325;0240348B19B2F9432A5300
577;Vehicle Simulator (Quality Simulations);FreeTrack20;V160;;;5102;0241E57DE9F9C2CAD24A00
578;Vehicle Simulator Direction;FreeTrack20;V160;;;20735;024286A328832993995300
579;Vestibular Ocular Reflex;FreeTrack20;V160;;;20008;0243D42C178D34B7319F00
580;Viper Arena;FreeTrack20;V160;;;3501;0244717A199830A124AB00
581;VIRTools Engine;FreeTrack20;V160;;;10801;02451C1598A07891BA4300
582;Virtools Plugin;FreeTrack20;V160;;;20200;0246F7BE01FD98F25B8400
583;Virtual Driving;FreeTrack20;V160;;;20245;02473108A8F37B33CAE100
584;Virtual Heroes;FreeTrack20;V160;;;20375;02484008C39B844A729A00
585;Virtual RC Racing;FreeTrack20;V160;;;8201;02490DFBE8737A63CBA100
586;Virtual Sailor;FreeTrack20;V160;;;5201;024ADBA951D18725AA4300
587;Virtual Shopper;FreeTrack20;V160;;;20610;024BDADBB568C34B432B00
588;Virtual Supermarket;FreeTrack20;V160;;;20280;024C172AA08C36B444AE00
589;VirtualiTeach;FreeTrack20;V160;;;20790;024D956CB58B32AB32BB00
590;Vizard;FreeTrack20;V160;;;20745;024EF339F35D9A34AD1B00
591;VizRD;FreeTrack20;V160;;;20031;024F0A488732C00D7C1700
592;Void War;FreeTrack20;V160;;;10001;025020B862EAB236620A00
593;VR Truck Simulator;FreeTrack20;V160;;;4325;0251FE338E19C991951000
594;VRPlayer;FreeTrack20;V160;;;20730;0252348B19B1C812A97400
595;VT08;FreeTrack20;V160;;;1275;02534008C2476086F02800
596;VVVV Plugin;FreeTrack20;V160;;;20075;0254BE69EF5F9C238B1000
597;VW Testing;FreeTrack20;V160;;;20275;025520B86166213AB3CB00
598;Walkabout3d;FreeTrack20;V160;;;20125;0256F12824F9D2D9E33900
599;Wallbusters;FreeTrack20;V160;;;1450;025798B248B2BAF3AA4400
600;War Thunder;FreeTrack20;V160;V;Egor;0;02580EA358D20A8EE89300
601;WAVES;FreeTrack20;V160;;;20515;025914158AFB8910963E00
602;Welding Simulator;FreeTrack20;V160;;;2625;025A50788D2DA32D9C3800
603;West Racing;FreeTrack20;V160;;;1801;025BC45148B34A33C52100
604;Whirlwind of Vietnam;FreeTrack20;V160;;;11101;025C37DBA9E9022AE39900
605;Wikid FJ;FreeTrack20;V160;;;20685;025D55BCDD8825A3259A00
606;Wings of Prey;FreeTrack20;V160;V;V4Friend;1877;025E29B2D9924B233A5D00
607;Wings of War;FreeTrack20;V160;;;7807;025F5731B3587349E34A10
608;Wings: Over Flanders Fields;FreeTrack20;V160;;;2326;0260B0E0A98279E22B6000
609;Wingsuit Simulator;FreeTrack20;V160;;;4450;0261F6354B0A9839B03300
610;World of Diving;FreeTrack20;V160;;;4025;0262DDEA24078E3FB83800
611;World Racing 2;FreeTrack20;V160;;;7201;0263B6C41708729A93B900
612;WSP Technologies;FreeTrack20;V160;;;20105;0264DBA951D1880F88EE00
613;WWII Battle Tanks: T-34 vs. Tiger;FreeTrack20;V160;;;11102;0265FE338E19C9A1E7A000
614;X Motor Racing;FreeTrack20;V160;;;1150;02664653D8DDB7F2BB7300
615;X1Alpha;FreeTrack20;V160;;;1825;0267956CB58DF97A2AB600
616;X2: The Threat;FreeTrack20;V160;;;5501;0268278DE291F06CED8D00
617;X3: Albion Prelude and Reunion;FreeTrack20;V170;V;V4Friend;5502;02697E101A708F8524E300
618;X-Camera;FreeTrack20;V160;;;3775;026AF339F35D9CF7761B00
619;X-Cockpit for X-Plane;FreeTrack20;V160;;;2901;026B742AEC9AE9882E9300
620;X-Plane (32 and 64 bit);FreeTrack20;V160;V;EmBeES ;7701;026C5731B3588F78039900
621;X-Plane 6DOF Plugin;FreeTrack20;V160;;;10101;026D3108A91FA91349A200
622;X-Plane Pilot View (32 and 64 bit);FreeTrack20;V160;V;V4Friend;11301;026EE075991F7872AA7300
623;X-Rebirth;FreeTrack20;V170;;;5503;026FD520BEAA889EC41800
624;X-Tower for X-Plane;FreeTrack20;V160;;;3001;02704BE7E08BFC873FBC00
625;Xyphoid;FreeTrack20;V160;;;14301;0271A3C49E9D34A933A500
626;youngmonkey;FreeTrack20;V160;;;20910;0272012AC3CBB2B9D29A00
627;zedasoft F-35 Demo;FreeTrack20;V160;;;20041;0273934037B12F9C2EB900
628;ZKT;FreeTrack20;V160;;;20780;02746E122CD9F0797EDA00
629;Zombie AA Research;FreeTrack20;V160;;;14201;0275BBC02CE99329B21F00
